name,artist,id,popularity,search_tag,danceability,energy,valence,tempo,acousticness,instrumentalness,is_synthetic
Sahiba,Aditya Rikhari,0eLtIxPRNJfsmehITZ1qaJ,89,genre:pop year:2023,0.8208254085305335,0.6025392682067984,0.6053441390001344,109.41711254286037,0.7413304524988019,0.16555100870327966,True
Haegeum,Agust D,4bjN59DRXFRxBE1g5ne6B1,88,genre:pop year:2023,0.6643153928388845,0.6802134320529808,0.6346634929024768,115.17794954797854,0.02388485758613812,0.11356334547556958,True
Pehle Bhi Main,Vishal Mishra,7yDHHVKLbvDmVw1XXhDDIO,75,genre:pop year:2023,0.6144286583009643,0.8083701593673972,0.6297274398679626,127.58348479739789,0.1974565897405779,0.029471904571240968,True
Jee Ni Lagda,Karan Aujla,1Er6TEtbyuW1b9QtBVkggD,71,genre:pop year:2023,0.7283971398504683,0.7855394175756916,0.6055794598095745,126.78875305050458,0.14567462303349443,0.21956029504110194,True
Softly,Karan Aujla,0YQJoDL6f46J0n1rOVkpxJ,78,genre:pop year:2023,0.7293699580958841,0.7535286971189623,0.6207516079882477,129.61729034421276,0.16634865995599568,0.21644467893670166,True
Gali Mein Maal Ail Ba,Arvind Akela Kallu Ji,2cigQ7eiixyY0RemZUZmh4,67,genre:pop year:2023,0.8554474027559799,0.6198172024854463,0.6488372997730295,119.33315106942851,0.9807595290660478,0.043097563096244726,True
Husn,Anuv Jain,0TL0LFcwIBF5eX7arDIKxY,80,genre:pop year:2023,0.67540364331826,0.7191323805989804,0.7908552038215328,118.03796520335615,0.9189366700927729,0.22582131381588055,True
लिख देगा के Jaani,Gold E Gill,7gjaJ3UDCITdzclyDd30gC,65,genre:pop year:2023,0.7270102053268507,0.6662015582849273,0.811195565601341,102.30730032504908,0.3047253142346521,0.18832538517138867,True
Lalkara,Diljit Dosanjh,2oenSXLDbWVaaL7QjSGYj5,71,genre:pop year:2023,0.6794744979703405,0.8753085161745597,0.7117466887371604,128.71056089266548,0.690538826034899,0.2949279730447759,True
Mote Peg,Sumit Parta,6y5jB5AYAtwXZsKbb4IwBz,65,genre:pop year:2023,0.740909525155143,0.66054612067566,0.6406526899105924,111.02084125106646,0.3421968011544426,0.018498085620346993,True
"O Bedardeya (From ""Tu Jhoothi Main Makkaar"")",Pritam,0czcoKJbJt08NqKrvSbbz7,67,genre:pop year:2023,0.7145682567791722,0.6673750624585131,0.7135060700189769,107.93592483738011,0.23495965853045642,0.010923155544242268,True
California Love,Cheema Y,610keNiNVTIkYD0CqeSerg,75,genre:pop year:2023,0.8239637696232667,0.7542755788015467,0.8575132611523409,125.2672499113769,0.9255250116542318,0.12996233290989334,True
"Kurchi Madathapetti (From ""Guntur Kaaram"")(Telugu)",Thaman S,0hY9eA74QrMCJuWEx7fo9y,70,genre:pop year:2023,0.8400436460642615,0.6675061190085262,0.7325979347477246,121.28171382491952,0.6877829677558965,0.0506477966960427,True
True Stories,AP Dhillon,28lvraTNIN8qiTpoIK7m8Z,67,genre:pop year:2023,0.7916550810431957,0.8508382792646656,0.868507218195814,124.41276473469794,0.3709116523122943,0.1910925809747527,True
"Pyaar Hota Kayi Baar Hai (From ""Tu Jhoothi Main Makkaar"")",Pritam,2vPrBucKCfKmafHhSfJ2pt,69,genre:pop year:2023,0.8237155304212094,0.8516275554223763,0.6722765004986486,128.1640493658362,0.8657867958552373,0.09492581510401978,True
Anyway,Cheema Y,1nx8lXVoB0vskUgrqvdleN,67,genre:pop year:2023,0.7678303628500922,0.8358499892368871,0.8073863230844396,107.12312315822359,0.02541536600839789,0.2713695789303938,True
Kale Kagaz,Amanraj Gill,2flIe6QBXICCb4JEjtDhx0,68,genre:pop year:2023,0.6582538034344895,0.8535214724241653,0.8934036996574111,102.96606913740345,0.4510400520927381,0.29454731843131676,True
System Pe System,R Maan,6cVKqUSsDm9iZ3fKwRm6jn,67,genre:pop year:2023,0.8075913345846475,0.8098992915186694,0.8969479753843116,104.30657830464322,0.6739098816554916,0.23897365416731756,True
Bachke Bachke (feat. Yarah),Karan Aujla,2uWZ7EGddFlA1DJ3Rzzvs2,69,genre:pop year:2023,0.6409397641432631,0.8293353503630533,0.8856963251602845,119.66201125017383,0.22282747952019122,0.24952457435376282,True
Up To U,Dhanda Nyoliwala,5pkOSmSeVo8RfC8555LRHT,69,genre:pop year:2023,0.6160850410502967,0.7411751672709268,0.6451565587886171,117.25975493597804,0.5797026286292726,0.16593746675788065,True
"Railin Oligal - From ""Blue Star""",Govind Vasantha,5Y7Y315vZkOZbesJ22jXkK,65,genre:pop year:2023,0.8782442272234596,0.6737690699455411,0.6710495940439599,109.0858164932203,0.1090034372832932,0.02969072942903267,True
"Dil Se Dil Tak (From ""Bawaal"")",Akashdeep Sengupta,1kTEGyqUJFgstwdgJFLqz1,67,genre:pop year:2023,0.8816009122515425,0.7705357945217703,0.8262585757915489,129.1768261240766,0.4317947083125465,0.04478041239237741,True
Meri Banogi Kya,Rito Riba,6gprR0rGv59wALbBU7yZkl,67,genre:pop year:2023,0.8299481528331987,0.6990039740203844,0.6195487664591093,110.70705195356133,0.21287964131242265,0.12033413623075746,True
Rajaji Ke Dilwa,Pawan Singh,0mNiObA53IxLD6LqvWw1CN,70,genre:pop year:2023,0.6025108543904913,0.8636222365634646,0.8931920145229921,117.03206315883163,0.12303222543887715,0.23913235805493793,True
Pagli Dekhave Agarbatti,Neelkamal Singh,5Bozh6jFmqJd17usHzsI8f,66,genre:pop year:2023,0.7540837488833699,0.8827222217566726,0.745596503450268,104.28456378678683,0.3987589755772949,0.24294390886582204,True
Raja Ji,Pawan Singh,65kpv0lqKqHmQtOBGRgFoW,65,genre:pop year:2023,0.6323534365686726,0.8144506020242438,0.841585473956469,118.40578199220214,0.7531590481210028,0.08172251750200811,True
Dard,Kushagra,6bXrlIITUgU0qnmmTnzrXW,67,genre:pop year:2023,0.84605044583395,0.6209179826150429,0.6289649564155345,125.95308110694315,0.24243762425831672,0.054489511687881687,True
Lal Dabbi,Amanraj Gill,3fMsqhpJfPS5iDzFtQrOYV,69,genre:pop year:2023,0.8948335017429558,0.6901431852986403,0.8688104085858428,103.89030283618015,0.861536504723095,0.024936308809295028,True
Thekedara Ka Byah (feat. Shivani Yadav),Shivani Yadav,0KcIDUQh5PgDd9VjUOiOYY,66,genre:pop year:2023,0.6362822459233655,0.6715818687543564,0.8952142689540559,118.1540182318417,0.5410409126168716,0.09690132256298578,True
Admirin' You (feat. Preston Pablo),Karan Aujla,6ygiy70ujkNOYXM1tQuMNe,75,genre:pop year:2023,0.8905033136116369,0.8841008345663116,0.6420418061177666,112.7212973980604,0.6277771265909321,0.013467825527183308,True
Zihaal e Miskin,Javed-Mohsin,51DEaelXeJJ6cFFYbX8Hal,68,genre:pop year:2023,0.7608145360998979,0.8635306942992682,0.7303721348291372,119.41944568641904,0.6575865739000927,0.059084955680470536,True
Chidiya,Vilen,0aoN9BQostK81IFddJn8Ej,65,genre:pop year:2023,0.780467010164325,0.6407787177337514,0.8441558822056582,111.75221920902972,0.36603551303905746,0.1450065652005189,True
Main Hoon Saath Tere,Arijit Singh,6Rb23kYAiuHBXaNgwCYdiR,66,genre:pop year:2023,0.8968428776918138,0.7097518709439202,0.7603605964953878,126.2017109187232,0.5732391763895869,0.14164011932502,True
Dekha Hazaro Dafaa,Arijit Singh,0Xsokp10GYOJrrf0Uviv2w,65,genre:pop year:2023,0.8608998116245319,0.7621600365453056,0.761949563487904,101.3229144344331,0.09902135571225623,0.11032555422814395,True
Kamar Kare Lach Lach Lach,Neelkamal Singh,4Aift8ElrYlFMXtyiPkUcN,65,genre:pop year:2023,0.7657581434037558,0.7744845223503309,0.7225142525199995,127.98480136967008,0.015260534879043774,0.14272298730857727,True
Death Row,Dhanda Nyoliwala,4hPYkpuhzgPA233YwHDCYz,66,genre:pop year:2023,0.6189660356267913,0.8671600799863028,0.8044703708158328,117.05615604326579,0.648446136649541,0.04469707416417868,True
Jale 2,Shiva Choudhary,1knnSlcBlhlcNsQkGyVl9X,65,genre:pop year:2023,0.7780499467541413,0.7427495717371334,0.7187305455945886,115.32743098066557,0.41198686103078197,0.25802687981623146,True
Ek Khtola Jail Ke Bhitar,Masoom Sharma,498N5tXDvgIuJOa7qTfglg,69,genre:pop year:2023,0.856544679578207,0.7907641461999524,0.6254344175681076,128.47302464583834,0.542166484016561,0.1009427616202433,True
Mahiye Jinna Sohna,Darshan Raval,0Jiaz0O4AqnJICa9PxHhaR,67,genre:pop year:2023,0.6744221954609542,0.7366241876932829,0.7406982638228895,123.12036058086265,0.9641438219402784,0.24385455025279873,True
Nazm Nazm,Arko,1tCduDqB3J8r90FAxprLzO,69,genre:pop year:2023,0.8162304405613487,0.8292994313430399,0.8977010697826597,121.20702279609253,0.22620029290239108,0.0016439976591183236,True
Thunderstruck,AC/DC,57bgtoPSgt236HzfBOd8kj,87,genre:rock,0.6234844655765981,0.9817334081608851,0.5036005264654345,138.56132516233325,0.11752008812514336,0.2353823351808127,True
Iris,The Goo Goo Dolls,6Qyc6fS4DsZjB2mRW9DsQs,93,genre:rock,0.7998837279181683,0.9813880489278599,0.5645875382263514,130.47251103324248,0.7777918508219995,0.23520830282366728,True
Bitter Sweet Symphony - Remastered 2016,The Verve,57iDDD9N9tTWe75x6qhStw,85,genre:rock,0.6928708999656369,0.9329796025066528,0.5489732940361655,142.7317097501637,0.21668121980236155,0.13032415699163527,True
I Was Made For Lovin' You,KISS,07q0QVgO56EorrSGHC48y3,85,genre:rock,0.5350491367757325,0.875249145914342,0.533274820668898,138.75151066246133,0.6301972554381499,0.2894598886484474,True
Bring Me To Life,Evanescence,0COqiPhxzoWICwFCS4eZcp,89,genre:rock,0.6965041330308922,0.9411771179225292,0.4794193223461997,132.39615744643172,0.7049571752965597,0.2502962615031717,True
Let Down,Radiohead,2fuYa3Lx06QQJAm0MjztKr,90,genre:rock,0.7982541925900702,0.8827489037970896,0.5484813249567199,149.17124421897262,0.3308465825988912,0.2263552280055488,True
Take on Me,a-ha,2WfaOiMkCvy7F5fcp2zZ8L,88,genre:rock,0.7029438725251428,0.8849468777615657,0.6534332730975693,121.76422067569082,0.9094423572019101,0.011041527734183243,True
Fake Plastic Trees,Radiohead,73CKjW3vsUXRpy3NnX4H7F,82,genre:rock,0.7479153015778852,0.8286944050372288,0.6183587087837012,122.18093413907376,0.24931847242433003,0.24989263344177837,True
Come As You Are,Nirvana,2RsAajgo0g7bMCHxwH3Sk0,84,genre:rock,0.7472094200168053,0.8178706812387184,0.5096552161430946,144.0888308108965,0.8379634743538211,0.051165367944387516,True
The Less I Know The Better,Tame Impala,6K4t31amVTZDgR3sKmwUJJ,89,genre:rock,0.6238691936497195,0.9627686880216135,0.4240368439213975,133.94953423413824,0.8415731051299576,0.27208745190163447,True
Creep,Radiohead,70LcF31zb1H0PyJoS1Sx1r,92,genre:rock,0.6469521771833576,0.9802001736822417,0.4165179078939341,127.78202015727372,0.7544748320233503,0.007164822433660278,True
Let It Happen,Tame Impala,2X485T9Z5Ly0xyaghN73ed,84,genre:rock,0.6651603348155759,0.824475282844811,0.6521530374642884,146.14937665678204,0.514867741194296,0.06724631891282214,True
Smells Like Teen Spirit,Nirvana,4CeeEOM32jQcH3eN9Q2dGj,86,genre:rock,0.6047149068606589,0.8030231099846623,0.47735734335761426,138.57334283831977,0.9989259499128094,0.19641049219656667,True
All I Need,Radiohead,5Qv2Nby1xTr9pQyjkrc94J,84,genre:rock,0.7706466584833522,0.9362364898991544,0.6327940821202622,146.1132450156625,0.4494081113759345,0.2604991846695036,True
No Surprises,Radiohead,10nyNJ6zNy2YVYLrcwLccB,88,genre:rock,0.591723173241751,0.8954851401952507,0.44137465577414803,148.99943783731834,0.2657682364419779,0.0010012077235198812,True
Somewhere Only We Know,Keane,1SKPmfSYaPsETbRHaiA18G,88,genre:rock,0.6251570411047632,0.8333819351031814,0.44883933389934594,124.14312270603237,0.0824871286950688,0.2282460289551644,True
Vienna,Billy Joel,4U45aEWtQhrm8A5mxPaFZ7,85,genre:rock,0.5774206402450914,0.9645149873101431,0.6209674396302669,140.80876047305017,0.3281270098250768,0.07022294509712976,True
My Old Ways,Tame Impala,4whkhyXTrTgHKZzkUvdwoq,81,genre:rock,0.5803211098425057,0.9490085699929391,0.5242320707233965,122.51515725248699,0.12337328375260836,0.14548641706157697,True
"New Person, Same Old Mistakes",Tame Impala,52ojopYMUzeNcudsoz7O9D,83,genre:rock,0.5213191349510353,0.8079487683754032,0.6520568600525254,146.42713691676386,0.3599090357886251,0.16547478878923153,True
After Dark,Mr.Kitty,2LKOHdMsL0K9KwcPRlJK2v,78,genre:rock,0.5423073497382049,0.8220545553722214,0.6979907548111848,147.78120302614442,0.8990079993366304,0.11825872380591855,True
Everybody Wants To Rule The World,Tears For Fears,4RvWPyQ5RL0ao9LPZeSouE,89,genre:rock,0.7587779667205008,0.8113565216989589,0.5131951093720131,145.38343863727158,0.5061263688138088,0.26685187706618707,True
We Will Rock You - Remastered 2011,Queen,4pbJqGIASGPr0ZpGpnWkDn,78,genre:rock,0.5200151764419495,0.9982107428003426,0.48327833492642475,143.77404523254881,0.47054855616432334,0.1048989649012792,True
November Rain,Guns N' Roses,3YRCqOhFifThpSRFJ1VWFM,84,genre:rock,0.5932742629135754,0.944046586833206,0.6017646153003315,127.96265989307226,0.8474836667360474,0.1949243966951472,True
Borderline,Tame Impala,5hM5arv9KDbCHS0k9uqwjr,86,genre:rock,0.5235155868263094,0.8645639542598886,0.6789225345530088,140.78190505191958,0.12793904369414633,0.19736021143212099,True
Numb,Linkin Park,2nLtzopw4rPReszdYBJU6h,89,genre:rock,0.5768446471063158,0.8042815160299486,0.5630365469228007,143.8537913360818,0.2714967447709289,0.17125575005857774,True
Enter Sandman - Remastered 2021,Metallica,3DwQ7AH3xGD9h65ezslm6q,85,genre:rock,0.7049450037588051,0.9503122057479727,0.43775757970879736,141.08325758860013,0.4886737489831334,0.1568053211798035,True
Wish You Were Here,Pink Floyd,6mFkJmJqdDVQ1REhVfGgd1,83,genre:rock,0.7580279570553887,0.9632958163798652,0.6998093850189991,130.3164720130181,0.7464452770894491,0.060041207605498914,True
Back In Black,AC/DC,08mG3Y1vljYA6bvDt4Wqkj,86,genre:rock,0.7896851314875953,0.936150614001041,0.4645044596944733,148.10454686502652,0.2938711051412465,0.0862983090051193,True
What I've Done,Linkin Park,4wfyFIRnxdIN0v4OGtXcX3,61,genre:rock,0.7996450555187729,0.9852469162296893,0.45831094364684805,130.55328106738574,0.6801208164965465,0.1224792461104165,True
In the End,Linkin Park,60a0Rd6pjrkxjPbaKzXjfq,90,genre:rock,0.5638327132216434,0.8880042102117771,0.560491240376116,134.57345748821393,0.6403670705834714,0.25388491971785343,True
Sweet Child O' Mine,Guns N' Roses,7snQQk1zcKl8gZ92AnueZW,88,genre:rock,0.7253834950840092,0.9712554734701351,0.6694181179941874,133.18146591319913,0.6591024194621723,0.12932757388165536,True
Somewhere I Belong,Linkin Park,3fjmSxt0PskST13CSdBUFx,84,genre:rock,0.7157332344302385,0.8962283081468491,0.6312641568241,143.79805613390332,0.6879333391732023,0.14959582645088051,True
Dream On,Aerosmith,1xsYj84j7hUDDnTTerGWlH,84,genre:rock,0.6825579787181963,0.9610972868197263,0.5951239941001991,136.89054093768846,0.4474818627949918,0.24723410022623155,True
Have You Ever Seen The Rain,Creedence Clearwater Revival,2LawezPeJhN4AWuSB0GtAU,86,genre:rock,0.6109540851324589,0.8312332517123258,0.5467987412801323,126.56928211035395,0.1961603461083954,0.02492957198224641,True
Faint,Linkin Park,4Yf5bqU3NK4kNOypcrLYwU,85,genre:rock,0.7666160767029044,0.9563898829846478,0.4299694444247044,129.63885587651484,0.057967900927363036,0.23016327536433281,True
PIXELATED KISSES,Joji,2OZVskV28xxJjjhQqKTLSg,83,genre:rock,0.6507598599408693,0.8090391278952015,0.5700805163646776,144.9277589545833,0.4544311486698066,0.0042485707218260504,True
Highway to Hell,AC/DC,2zYzyRzz6pRmhPzyfMEC8s,87,genre:rock,0.6020254088521126,0.9351574309009998,0.5774216622141096,141.00455251482632,0.4404494362340122,0.0009427050670171798,True
Hotel California - 2013 Remaster,Eagles,40riOy7x9W7GXjyGp4pjAv,85,genre:rock,0.7264072184265125,0.8840782316601836,0.6651643030804734,127.19682631022033,0.9598573609580898,0.12146144061041074,True
There Is a Light That Never Goes Out - 2011 Remaster,The Smiths,0WQiDwKJclirSYG9v5tayI,85,genre:rock,0.7332377433520398,0.851874731219465,0.427591671268334,143.91764941364414,0.3781326880041199,0.09120676146346483,True
Bohemian Rhapsody - Remastered 2011,Queen,4u7EnebtmKWzUH433cf5Qv,83,genre:rock,0.7794199460560606,0.8154760810292915,0.6661901477680017,135.76713065167183,0.19983020123004092,0.045839507661359725,True
Льды Невы,Skeeny,5Q7rh3eE4kCbXknJNeXHkQ,0,genre:hip-hop,0.5056873131350664,0.8960461479885229,0.6437751632977078,120.84521779398806,0.5211371896541958,0.09691499036857759,True
Champagne Shit,Janelle Monáe,5t5pWqkdGosfnZl9wrtDKG,0,genre:hip-hop,0.6878084964195392,0.9980960986205936,0.5850072463003562,149.25871634344384,0.2728291656114229,0.10987706170416978,True
Quick Lick,Bruce Banna,4EPJl5J4ujUq9d27WRoJcN,0,genre:hip-hop,0.723506838886107,0.8449379923209085,0.5463608444989287,125.52734537232548,0.8033961683969727,0.15388633837267499,True
41K,Sunspot Jonz,7ojyFAauVgNxgALOkPwdbo,0,genre:hip-hop,0.6561336333292871,0.8213365719343105,0.4387555460032435,126.25832282508254,0.9592538820791041,0.17746949383129568,True
It’s You,Ali Gatie,1Ax4dQxcHPz6Mf1Ad88INq,0,genre:hip-hop,0.7827110634030423,0.8944959075623117,0.5588645379321824,139.02340825247305,0.012473065783413007,0.15932249072408092,True
Peace,Chaugs,1HLj7npRypa8zmba3IVvJU,0,genre:hip-hop,0.7233528400611642,0.9609368655204781,0.697222826064959,132.8005174437844,0.6100647576504392,0.10099301426613426,True
Thats Okay,Mr. Kee,2Mtu7FJEok39OsIQXRX9kY,0,genre:hip-hop,0.6127328054238905,0.9133799069143241,0.5174373178105176,126.39650787817583,0.5618273409316457,0.07819634384864378,True
Bitch Yo Perfect,Sarafa,7H5hNEzLE7MxFdqBcPoQRm,0,genre:hip-hop,0.5279242185235866,0.9991043186778024,0.4102857939184883,132.31341554207336,0.09023122275787376,0.22907371354685857,True
Stevie Joe Drop,Stevie Joe,6dxBfRdFKYDjXAFvEFwcrq,0,genre:hip-hop,0.5525698219302595,0.9486186858815423,0.43837182965126675,143.14992070510792,0.01156539033126358,0.19386826043216562,True
Ain't No Thang,Saigon,1wN4YmCnqZtNzGttyJquno,0,genre:hip-hop,0.7593664724967766,0.8170117105113004,0.6380215979250698,140.10043328028158,0.8315215905872619,0.05426680906851361,True
Taxin,Mula Kkhan,2lfmmxTikCBbKaa274Q0dx,0,genre:hip-hop,0.5367334347939726,0.832001346230272,0.42780198192404395,127.99962825141574,0.6127364342826023,0.19830103295573848,True
Thailand (Long Live the King),Sherbit,3cgekTUDY2aYHmjxj5elcr,0,genre:hip-hop,0.7830483826526344,0.90856869154171,0.5540792107581185,135.87926521995968,0.33678483706488316,0.1887999308492638,True
I'm in the Kitchen,Rich The Factor,5PHdnkc2V9OMCAQKo9hDwJ,0,genre:hip-hop,0.560215069023872,0.9045859071428175,0.6920078237360949,139.63182608606294,0.8949461438426198,0.15816531061419223,True
Lingerie,Lizzo,0Q3EielOR6HAlaclyVsjXr,0,genre:hip-hop,0.5230672058762371,0.8986325261096065,0.4831815018241149,137.92211580365452,0.455059527201634,0.2868253651858397,True
XV Primaveras,Carlos Leal,06aBthLsWI6P6M80slfYop,0,genre:hip-hop,0.5247324486933508,0.8257390340700306,0.6544363115951634,126.92522701073416,0.36038708034131706,0.21844068234032676,True
He Looked Like My Opp,C.W. Da YoungBlood,0N0wFovVHWiJox733jZnX3,0,genre:hip-hop,0.6267050155658704,0.9709325479211794,0.5128745654110476,124.94462099906974,0.1668202291102664,0.06118907304111284,True
Tazmania,C-Lance,0ofSVjPDsb6moMkdi3SO1d,0,genre:hip-hop,0.7965299081729322,0.8202366902600009,0.42660857703184935,143.8110576070142,0.4193170795468091,0.1597614808880635,True
Alla guzzar i orten har comviq - Fiboss Remix,Penga' Per,0Dga3oKLnvznSNMWPoGJ6U,0,genre:hip-hop,0.6064517598748063,0.8640118506738921,0.578344428734528,139.23318879736348,0.637813509099375,0.02910868780108353,True
Medusa,Early Bird,12EG5fyPVXVZpWbQQcovh8,0,genre:hip-hop,0.5222824936642376,0.9658817761426238,0.49044315360062596,132.29048497179616,0.8339802108546619,0.2912283320580027,True
Be True To You - Feat. Druce,Jae,2Od3yD2oXnaS6JuWdZIrYR,0,genre:hip-hop,0.7201528491648796,0.9805764015021523,0.679723843004632,149.77311761716462,0.7600487087977267,0.16446904663028955,True
Cold Blooded,S.E. Trill,3APV3Dlz0yEO7PLy9dunTY,0,genre:hip-hop,0.5689526032561458,0.9336699189129056,0.6277123652551087,141.93429015992604,0.12126157411242955,0.2159311289459044,True
Kemst samt inn - Dusk Remix,BlazRoca,6GdPpQZRSZtGnmBzZX14nl,0,genre:hip-hop,0.6337326453639657,0.8294669219952441,0.5123256087585756,128.55532487441965,0.3544431047731962,0.20932484024313538,True
Vintage T-Shirt Yeah!,Kato,0IySS6NbgjZpmyRf9d404e,0,genre:hip-hop,0.5911707309271683,0.9758914696418255,0.43939447338520504,120.51793621128493,0.4187863028325023,0.2895616218912856,True
Do You Remember?,M.C. Mack,43XvnpiL2uoLoCEw3BGCVf,0,genre:hip-hop,0.6365923079549229,0.9694157603540786,0.5924329325681461,126.55050716717193,0.9791821047678454,0.03318181747279244,True
Only If You Go,Bfd,6ETrN3eZ3M5xOiffzALidr,0,genre:hip-hop,0.6828729172334554,0.8585576402153134,0.4604065748666041,134.1124519744116,0.22621403701107223,0.08248553821185096,True
Stunta Speaks,Chingo Bling,3v3FlpHJOeYeBx9zlCzIwE,0,genre:hip-hop,0.6096886140556197,0.8996969039993533,0.41393582946926494,149.36579560550575,0.8748795756705051,0.13063261756808023,True
Kanar Jhumka,Damo,3GJwTInd6nh6EREyAGY5X8,0,genre:hip-hop,0.6609811199410605,0.9957789964042064,0.543858457359163,130.27880344311765,0.9341780231927896,0.23699300747429497,True
INSTRUMENTal (2007),Oriole,7eGCFrQfzk3bLTkc6ue7PK,0,genre:hip-hop,0.7610954320560854,0.8252266747597984,0.5687338043588166,140.14330494314058,0.010770509592160749,0.13379284672714567,True
Batuque,Gio,1WyCqrnmBvFZcUzKSzK9fK,0,genre:hip-hop,0.6765549837334768,0.966060639211078,0.6510959784298747,146.96702630605154,0.31477745372812205,0.29037110053664905,True
Tete Wa,Lord Of Ajasa,7ajipors7kVa0dq9T9wPap,0,genre:hip-hop,0.7313871970029142,0.8406291932325722,0.5149456680923608,131.88325245950193,0.44044180349193296,0.1880838280210246,True
SKIT 2: LIL RUFUS GETS LOOSE,P-Lo,6PRM55KJJYD2NC96obuwbW,0,genre:hip-hop,0.5611556084898538,0.8636241299413427,0.6682949800652165,147.34121962148822,0.5209558616342306,0.0035578881191403507,True
Special (feat. SZA),Lizzo,6n3Wp3fUOuwMbywlwWHK0e,0,genre:hip-hop,0.5324329317821617,0.9277483523221101,0.6966286856547306,124.09447026604192,0.5096824736919262,0.0010389364355649965,True
Un-Der-Stand,K Kutta,3ZWEowC15VLmK0sUGexxsV,0,genre:hip-hop,0.7083756532085512,0.870471385158275,0.691749328696408,126.27913076949037,0.5823991320792802,0.21612319773044317,True
Mc Zensur Skit 2,Baze,7dYvupcGyTOQIiMm3JQE8e,0,genre:hip-hop,0.5570759447660149,0.9454290646414302,0.6801431198168626,143.91102981322751,0.9120827357852928,0.14651112175404382,True
'TooMuch',T I€Ł$,4sMoHdlPAI3Bcvf6sOTUBA,0,genre:hip-hop,0.5944299477369741,0.8929685992558394,0.4371718956394885,135.40483704000437,0.4058482692355977,0.018012342869762474,True
Going Down,Szenario,6IXoxS5I3ZwAQ2lPnwAO7p,0,genre:hip-hop,0.7540250250099785,0.8482053525277672,0.418246773252295,147.86025083622866,0.41088118956841746,0.17136279406608393,True
That's Enough,Jae,4USu27b5oiA4SRER4YL0Bg,0,genre:hip-hop,0.6431254822797622,0.9268625142734185,0.6141557871115593,125.551966980946,0.9667359582989793,0.24113147820300204,True
WE COULD MAKE STORIES,Moezart,6c93OJOGJqASKHkDXz6jj4,0,genre:hip-hop,0.6071893771116973,0.8229743273562904,0.687275707264189,137.3632891290001,0.8429720096133594,0.25237609955217616,True
Good as Hell - Bad Royale Remix,Lizzo,5oYkl5Wphf556F8N8XLUCb,0,genre:hip-hop,0.5117140081994174,0.9002336142919464,0.580263678037863,130.21558533148848,0.9106967780932778,0.10309463245872232,True
Hey Julie! (feat. Lil Yachty),KYLE,4iuGE0XpmM2EFTiGSflNeI,0,genre:hip-hop,0.6810365741621022,0.8688120743879136,0.4608382905226278,129.6964916313088,0.5491877569458572,0.15094505368626665,True
L O V E,Michael Bublé,4m4aQLiPbWFyE07xRoJPhc,65,genre:jazz,0.5,0.5,0.5,120.0,0.6706511746430719,0.19611147433323792,True
No One's Watching Me (feat. Olivia Dean),Ezra Collective,70VTTe96UJ9QUyFYbsnW5V,75,genre:jazz,0.5,0.5,0.5,120.0,0.35902626604019294,0.015170037353322596,True
Daisies,Black Gryph0n,0AoNT5b3YYf28IIq6pGojV,72,genre:jazz,0.5,0.5,0.5,120.0,0.952167776414409,0.2717351333597215,True
Bored,Laufey,2SPbioo65CuUB3H0aW1ID5,71,genre:jazz,0.5,0.5,0.5,120.0,0.5369288244098114,0.15064261945957028,True
Silver Lining,Laufey,4tyjNEHKos3lZPYAfTiMKH,70,genre:jazz,0.5,0.5,0.5,120.0,0.5023474189440359,0.03031698817027627,True
"It's Been a Long, Long Time",Harry James,4rfh0qEv1HdKRXWiRXfzWF,60,genre:jazz,0.5,0.5,0.5,120.0,0.3092655694676112,0.0839575620292466,True
Dream A Little Dream Of Me - Single Version,Ella Fitzgerald,78MI7mu1LV1k4IA2HzKmHe,67,genre:jazz,0.5,0.5,0.5,120.0,0.4631266961891246,0.20762095200325106,True
"Too Little, Too Late",Laufey,6zEg4KEgz6RGhCPmDKplYf,74,genre:jazz,0.5,0.5,0.5,120.0,0.07395487136426027,0.21910633175221048,True
Take Five,The Dave Brubeck Quartet,1YQWosTIljIvxAgHWTp7KP,71,genre:jazz,0.5,0.5,0.5,120.0,0.7369813306730716,0.2124281838212341,True
Fragile,Laufey,608wYP5XWenLz8cOSYjX7X,71,genre:jazz,0.5,0.5,0.5,120.0,0.6084751738004991,0.17836774077225073,True
I'll Be Seeing You,Billie Holiday,4smkJW6uzoHxGReZqqwHS5,70,genre:jazz,0.5,0.5,0.5,120.0,0.18048513348302364,0.2620691652472576,True
deep in it,berlioz,6IoDmKMOqGMYwny9MjQ6dg,72,genre:jazz,0.5,0.5,0.5,120.0,0.605934449872664,0.11265233476622087,True
From The Start,Laufey,43iIQbw5hx986dUEZbr3eN,88,genre:jazz,0.5,0.5,0.5,120.0,0.16171236928546007,0.13830089056598893,True
Lover Girl,Laufey,6dWilYAxP2aJbTTt0UsatK,77,genre:jazz,0.5,0.5,0.5,120.0,0.9113465138565571,0.026972311147597825,True
The Girl From Ipanema,Stan Getz,7znjbX9XdoQayIrVNdd50Z,70,genre:jazz,0.5,0.5,0.5,120.0,0.5508027033191625,0.0411234613140243,True
Like the Movies,Laufey,1hUXDEqjNIIbfjTcaz3jzb,68,genre:jazz,0.5,0.5,0.5,120.0,0.40061480994761633,0.014754129980190843,True
I Fall In Love Too Easily,Chet Baker,0F845nujLVqCb0XMZCh5Pc,69,genre:jazz,0.5,0.5,0.5,120.0,0.01748134183354766,0.2831880487134664,True
The Lamp Is Low,Laurindo Almeida,4QzZVJc6qPTtTkPem7qZRo,65,genre:jazz,0.5,0.5,0.5,120.0,0.08398467257488818,0.05595930344405298,True
Tell Me Why,Gotts Street Park,7AvuIMRKdo5RvS6YIzXjsj,75,genre:jazz,0.5,0.5,0.5,120.0,0.6530570827856619,0.12743331497014534,True
Solitude,Billie Holiday,30QD4VRP9yEneOh0eGTrtJ,68,genre:jazz,0.5,0.5,0.5,120.0,0.8130402210014616,0.2609657764531915,True
I Wish You Love,Laufey,5zHLswJplBXyPstFSSMIOH,70,genre:jazz,0.5,0.5,0.5,120.0,0.0952492963524939,0.0276651730734378,True
Fly Me To The Moon - 2008 Remastered,Frank Sinatra,7FXj7Qg3YorUxdrzvrcY25,68,genre:jazz,0.5,0.5,0.5,120.0,0.17295794040064583,0.24436684615068024,True
Feeling Good,Nina Simone,6Rqn2GFlmvmV4w9Ala0I1e,76,genre:jazz,0.5,0.5,0.5,120.0,0.26708210268108656,0.032582412677342985,True
L-O-V-E,Nat King Cole,4QxDOjgpYtQDxxbWPuEJOy,75,genre:jazz,0.5,0.5,0.5,120.0,0.8727330230150574,0.17626451971348614,True
Promise,Laufey,08PdFBcXzpkn1cWNgmKqhn,79,genre:jazz,0.5,0.5,0.5,120.0,0.9816203657844239,0.1569220119015358,True
Baby Steps,Olivia Dean,5SruEBX3KpgpDvEcIuN53P,88,genre:jazz,0.5,0.5,0.5,120.0,0.742816351377169,0.12909377305372036,True
Virtual Insanity - Remastered 2006,Jamiroquai,4UQDZlZhGUDoYMohwrY28v,77,genre:jazz,0.5,0.5,0.5,120.0,0.39602798348028023,0.10685681097344399,True
No One Knows (with Laufey),Stephen Sanchez,2ZQ6YMcGxwyvAfV6dl8hkB,66,genre:jazz,0.5,0.5,0.5,120.0,0.28861941193310536,0.1268009296922729,True
A Night To Remember,beabadoobee,180AbZduI6bYQIzwCHRwu9,77,genre:jazz,0.5,0.5,0.5,120.0,0.139395781914868,0.1105090535277657,True
Cherry Wine,grentperez,5o5WaO9pzPhXSGIrTIYVce,68,genre:jazz,0.5,0.5,0.5,120.0,0.9897922350525554,0.2750232966695928,True
Just the Two of Us (feat. Bill Withers),"Grover Washington, Jr.",1ko2lVN0vKGUl9zrU0qSlT,74,genre:jazz,0.5,0.5,0.5,120.0,0.4535289673342586,0.01009391705844409,True
Just the Two of Us,"Grover Washington, Jr.",5fdNHVZHbWB1AaXk4RBGVD,72,genre:jazz,0.5,0.5,0.5,120.0,0.0264942026481364,0.13732590407334752,True
Let You Break My Heart Again,Laufey,709p9UGPAuyImWf1Z3vjRo,79,genre:jazz,0.5,0.5,0.5,120.0,0.12183018590406114,0.25065467899140487,True
Valentine,Laufey,6cx5CvFhqN19efStehJqoW,77,genre:jazz,0.5,0.5,0.5,120.0,0.6206026492815394,0.15982681843521163,True
Falling Behind,Laufey,4KGGeE7RJsgLNZmnxGFlOj,83,genre:jazz,0.5,0.5,0.5,120.0,0.7784231115924357,0.21498658205285082,True
Fly Me To The Moon (In Other Words),Frank Sinatra,5b7OgznPJJr1vHNYGyvxau,74,genre:jazz,0.5,0.5,0.5,120.0,0.5246427441877615,0.050998262215028456,True
Fly Me To The Moon,Frank Sinatra,2dR5WkrpwylTuT3jRWNufa,64,genre:jazz,0.5,0.5,0.5,120.0,0.3833769297283224,0.15159820974052066,True
Lover Girl,Laufey,4nwjvcUjV7cexhwA40Bh5i,80,genre:jazz,0.5,0.5,0.5,120.0,0.6461305127147737,0.17644736643504608,True
La vie en rose - Single Version,Louis Armstrong,0zDVclPMSsjeyvbnqhWOmt,72,genre:jazz,0.5,0.5,0.5,120.0,0.6493995467791446,0.2158489646697865,True
From The Start,Laufey,1Ukxccao1BlWrPhYkcXbwZ,75,genre:jazz,0.5,0.5,0.5,120.0,0.1586643570160441,0.25462307474274115,True
Mood Swings,Musaafir,2gwF8weF7bct9y2Zs4A4iO,42,mood:sad,0.4956483666567512,0.20002676015395654,0.24508221962918939,95.89562541846583,0.5680894608491874,0.24364652015417892,True
Mood - Lofi,Yagih Mael,6v8mSl4GZXok3Ebe9x4Jmr,65,mood:sad,0.37142904595471365,0.39562610364200235,0.23240434511441996,96.2610352441299,0.5275928318114005,0.19401158886086572,True
24kGoldn - Mood X Navya Lofi,Navya Lofi,2nm8SX64kEcDRVu8oj04sG,45,mood:sad,0.33400408378878693,0.3487525582731174,0.1943481695918684,84.06883381737936,0.6350910031499518,0.27166455613781715,True
Mood,Jessi Levinson,4gEpX3Nio262cbj1xAaELC,39,mood:sad,0.41249371305714083,0.3001508288235555,0.11428020873165233,93.22304225537928,0.5541355728683183,0.09712827832808175,True
Mood - Lofi (Slowed),Yagih Mael,4MEwKAKALdh3FbtJlCdh8y,53,mood:sad,0.40975153513695145,0.39215080143073644,0.10372311337048172,92.02489976507565,0.4582316000159863,0.05998030303393363,True
Mohabat,Sucha Yaar,0aVpOPirZUdeJon1ikS9M5,57,mood:sad,0.47746818744657565,0.2519938997495104,0.1381371360360855,96.43608539480118,0.8995135357855498,0.21236523169701815,True
Moodswings,Brayke,7u9wacJ6Cf2b7FooRP4Nae,34,mood:sad,0.428544370037829,0.23573690141728146,0.27366050350189064,75.17082384547851,0.44808147535644094,0.02396946216300335,True
3 Moods,Abe Parker,71n13NKD5Ou2ytaRjxn7PP,39,mood:sad,0.3576209802845554,0.3215155097308847,0.17053980648470962,73.66942809920349,0.7335306150684477,0.13889016592969597,True
Mood (feat. iann dior),24kGoldn,4jPy3l0RUwlUI9T5XHBW2m,79,mood:sad,0.4582568312680648,0.34129268418053793,0.26501306176322226,96.38136973790002,0.18625068838587,0.2279882817069217,True
Mood Kharab,Ajesh Kumar,7C29yPydbEIOCNkxUJdcYo,2,mood:sad,0.31475149731343005,0.2651694134915467,0.2835650561037773,82.49305280077513,0.08030654801576631,0.0943031946851285,True
Mood - Sad 2,Yugo Pratomo,5spavktQq3KupmS7TYj2nZ,0,mood:sad,0.335716777297103,0.29156499043774653,0.23221305031344852,73.10875468305393,0.11584840187201517,0.06323218356435047,True
Mood,Steelix NEW,20oN489Q18J1RMc6uADmkA,41,mood:sad,0.42222822330779036,0.10652237587245579,0.13126298765485825,80.3500126201353,0.4790430647929984,0.1396590710712479,True
Mood Garam,Gyanendra Sardhana,23BreyDuXM5rZXbUCIXRTK,49,mood:sad,0.4137836346914876,0.3505073981884137,0.19382538159090257,74.01346676807783,0.4731571416563024,0.07906221248151718,True
"Mood (Remix) feat. Justin Bieber, J Balvin & iann dior",24kGoldn,6FuGJB290AQMAHTfjOYVaK,61,mood:sad,0.45705988151535293,0.3019742298789144,0.25286356055120485,97.71172896413339,0.4553482794553927,0.12169078341141346,True
Free Fall (Sad mood),Slot Machine,6cATYcvsckD4senLxOylhf,25,mood:sad,0.44927998317112017,0.11440560882755466,0.2943593800221885,88.91897761981866,0.7321974049602372,0.02948460428703582,True
Mood,Mani Longia,6sOOMWU4Bu8wi0SeCpRD9A,30,mood:sad,0.37076472395973636,0.24457304189629384,0.13308415360559986,74.98159628788414,0.666638163956003,0.23670421776854744,True
Sad Mood,Sam Cooke,1XYNrxsbgkDdPtTQLJhqNd,41,mood:sad,0.4923853171497658,0.29612130518011687,0.23143410997365305,70.07767529320314,0.9361912061055536,0.15767421169421802,True
Mood - Lofi (Sped Up),Yagih Mael,4ILds7kqwfx24UV7wVhCap,48,mood:sad,0.471689845125901,0.10721414721650036,0.39678755212586214,78.23403437374255,0.3281467288884682,0.18624527612003183,True
SAD!,Lofi Fruits Music,7J2NL5JOFdVG3qElbj0KjQ,39,mood:sad,0.3232770671922564,0.2899743880083442,0.28574865835468716,99.91947476496762,0.06337159655700741,0.017351477440555586,True
Moody Storm,Nature Therapy,66e6HJsRFzrrZYlTgAB0LR,50,mood:sad,0.34101259926730926,0.18757524225745015,0.388858357289083,78.35001592940277,0.08605433563875542,0.28715005176659664,True
Mood Swings,Josh A,7HegvG09WzUbxyrC4DyxLZ,36,mood:sad,0.39527114610477126,0.26133276145871964,0.1739828750432404,98.74014679024224,0.9016293255553889,0.05267544110461063,True
Pink Lagoon,Mood Factory,3GywEmNKXXWxZHSiNAcu5B,51,mood:sad,0.46578865802996994,0.15914275244516873,0.191616661226268,78.70885524633785,0.31117216772601874,0.16665797109927682,True
Mood Swings,Josh A,15sRiZACZvpxQHd00kXtr4,29,mood:sad,0.34721850454818465,0.12319453896811995,0.26341104302235707,98.07888291329189,0.5856776711914358,0.2375626211478459,True
Mood Kharab,Ajesh Kumar,2mLjRw9etCGg5PCM04ukTO,7,mood:sad,0.3825168974947861,0.19641761439050842,0.20482001370015868,79.12078292953419,0.015544261343384824,0.2869466952281924,True
Mood - Slowed / Lofi,socialite,3hgACTA1rtiZOjSCpPs9wN,47,mood:sad,0.4317207453673544,0.3746861112945308,0.3854711896197981,81.97332981292514,0.4750397360553176,0.2930297456489112,True
Sad Uplifting (alternative version) & Rainy Mood,Martin Czerny,5kqSa8fA7MtOzPn0B2tecX,27,mood:sad,0.48599265814506515,0.16675908213695545,0.30932510970980537,75.11705287445861,0.8492362025550456,0.08812306487180001,True
sad//fun,trepet,13mpp43PTOIwgY47VFzPpI,26,mood:sad,0.36494933459429224,0.1226954684888257,0.1344817063866102,89.9268216557041,0.20479341876469026,0.003232016726743547,True
Main Vichara,Armaan Bedil,5LlwJXB3YQMUBLRok521dL,57,mood:sad,0.4098701068741359,0.36390915237523214,0.393010199236431,82.97681372638412,0.7897624305539076,0.0013802913358562873,True
"Qismat Badal Di (From ""Yodha"")",Ammy Virk,30YqoekCI5XuWys0rD9lLL,51,mood:sad,0.3257422460538847,0.2219708039780618,0.14157103250510522,89.21759997777139,0.5956817703900219,0.003620573605343458,True
Airplane Mode,Hayd,0AdoWBdFJUL5ejRBGFAAwq,45,mood:sad,0.38894497568151165,0.25390408638060546,0.23282283469085271,95.63877492116927,0.08949961068006418,0.006494321340176711,True
novacaine (sad song) - speed up,moody,4wFjXQXAKr71Q4hbXCbIUF,43,mood:sad,0.4842501079496757,0.10154975647958797,0.35597190583579785,83.42915154723768,0.014254326156662889,0.13174772227129614,True
losing interest (sad song) - speed up,moody,0g4BRE6INmZLJO8os5D0Qo,39,mood:sad,0.3318157891494692,0.2816748008086589,0.27197327471423177,99.64940939515708,0.25872135577429256,0.22316254374709418,True
drunk text,Henry Moodie,6EIMUjQ7Q8Zr2VtIUik4He,75,mood:sad,0.30836827183061805,0.35275658433524015,0.32819077685160514,72.00860000394461,0.5033710203930395,0.056017890909870915,True
Rainy Mood,Moonlit Mist,5jyrtNJBcaFkNyS4yPixkI,79,mood:sad,0.3123040236142827,0.19961729048032406,0.3157781172529329,91.34558529860736,0.20512839254734172,0.06778075407898848,True
Maine Royaan,Tanveer Evan,1qmHr1OlmHiHPKX4GuUWnz,64,mood:sad,0.43397496131667246,0.37502628024924056,0.23016814345819742,85.05319697648524,0.00400008559264331,0.1994697819787246,True
MENTAL STATE,SADAKAT,2QZjztaZ2WZQick87G5WBH,42,mood:sad,0.3462529123067198,0.14048909935733284,0.20244324867416547,81.97953428802712,0.8028754440091685,0.2856300815080573,True
Mood Garam - Remix,Preet Nagar,0B1mHj2hqCU2a1E0TAeEAV,49,mood:sad,0.32198720038464307,0.2703366770141511,0.2682994061211378,84.77133401407731,0.5307514210231533,0.20878191142813338,True
Aley Moodadhe,Charanraj MR,4RtlKJMwVwW3LA3cQesz9U,36,mood:sad,0.39375466871421416,0.1499083423549154,0.17631610868262376,97.43791811204918,0.15090191487467008,0.04439509307845502,True
Mood Swings,Tegi Pannu,30m1Wyp7zzpOYsBqvM7gYM,48,mood:sad,0.39093600976876364,0.38577548355894475,0.30419816380284376,88.05000464714713,0.45759435835941853,0.04381564994659135,True
Main Royaan,Rajat Nagpal,6pScp7O8gBNVn0l4iYTeJ4,53,mood:sad,0.32340405140703243,0.3774125928480945,0.21892261852436407,89.5505839885576,0.8023482316714876,0.1735568023462765,True
Mood Happy,Brham Darya,0tK7IB1wh5Oeuu8lYm9Pth,19,mood:happy,0.758472060332326,0.7925150292253109,0.7620117463364883,106.76581417004257,0.5460805328174487,0.2485797082814823,True
Mood Happy,Brham Darya,78eo3RnDjOOcjiNcFB0DXN,7,mood:happy,0.7307220794391118,0.7562624909394559,0.866455241835761,112.39004208280585,0.4736512625001249,0.25311864892534464,True
Mood Happy,El Facil,6ovcPDGZ5jgKSl1kRT5AsI,6,mood:happy,0.6620724911708846,0.7963651753657407,0.7019316799940301,104.098927511573,0.84646708975662,0.01024532878165887,True
happy,Skinnyfabs,4GZwUfjP3e83Dq62NFWbVU,60,mood:happy,0.6234109936936881,0.6434896645744089,0.6386137505237113,115.25962222704821,0.9931533391687001,0.018040608351612097,True
Happy Meal,Carabide,3yupSTcV4yzCw7F2jsgLnA,25,mood:happy,0.7805426116515031,0.8953628239143541,0.6356021721098052,108.16912408603987,0.4435537853843471,0.009697664712539788,True
Happy Happy Mood,Manisha Sharma,614RdmFAIUDrxDYQZlnrAO,1,mood:happy,0.8236688047308844,0.878824157017549,0.8839483317676446,101.7888002848895,0.4702314967202066,0.11425545597160164,True
Happy Nation - Moody Gold Mix,Ace of Base,5EwULhLeYzOm3PCF87Di9O,12,mood:happy,0.6448870999217129,0.7868243093642608,0.8270257900651881,109.41987539107554,0.7506534990987414,0.2688114385217944,True
Happy Mood,AShamaluevMusic,4cbE108aX1pnOAPf2xyK2q,16,mood:happy,0.8493278932306977,0.6870821329827037,0.6686698185117589,129.27283094199453,0.15192006781944267,0.16349374241461412,True
Happy Dog,DJ Moody,6xGFiMqcCJ7wcbH8DYdHRC,33,mood:happy,0.7990066392002042,0.7939109683263039,0.6212701211577873,102.12204868235344,0.5787267551468368,0.11040485277902229,True
For All We Know,Ahmad Jamal,086RZ0U22i29HR5bj0sWSB,48,mood:happy,0.6396530682660707,0.7534128767186331,0.8990189744031297,121.0947106166162,0.9192986411187989,0.24167973298040638,True
Happy Mood,Audiopanda,2xeRXYqb2d147Aaqa0CHrf,20,mood:happy,0.7061388871769093,0.785623473602994,0.8571388469878738,126.888506871364,0.4982281222983559,0.10642481779415648,True
Happy Mood,Miss Pooja,0Hnwt9zfDIcXwsdWyZCy7e,8,mood:happy,0.8230329457693154,0.8444563549658288,0.7297184389914243,103.33317862550606,0.42493368272899645,0.09728446991936958,True
Out of My Mood,gate 문,63qSlpq5oOEl2OdAopqpRh,40,mood:happy,0.7565099400202244,0.7269190799329837,0.8097218850251764,105.27309980788559,0.18516093560119862,0.2137181379463183,True
Happy Mood,beepcode,5WH3txFTGo5BcxTovHjAoL,24,mood:happy,0.632151511589384,0.6513503005931135,0.7482194007179606,122.89581711626646,0.5450797786102042,0.13506077416483045,True
My Happy Mood,Audiosphere,2VbkrVktxzn3axHp9Ms7GF,23,mood:happy,0.6260182306567526,0.684166621884881,0.7270467931286329,105.42212976117229,0.5211359337228554,0.2335164942236212,True
Jhone Dee Pneeree,Amrit Brar,4LvJf101d6AWWM9KEl4tTA,13,mood:happy,0.8909361109409946,0.7091075486266474,0.77489594447565,115.89579687224727,0.7069109164400641,0.16681959368707747,True
Happy Mood (BGM),Mintuaa,2SgowKqZzPO0n6IdGYiISS,5,mood:happy,0.8529556037727214,0.6302936509911339,0.6429746670190178,129.2005239387267,0.7989746517725118,0.18012122255972782,True
No Going Back,Yuno,356aM3w6i5v1cltIzOnVTP,50,mood:happy,0.8106240955060354,0.847371097279065,0.7673151797128498,129.22470625956947,0.34379823853231783,0.15305819265433665,True
Teuwal da Paani Shoot,Amrit Brar,5Ggrq0M2ZC7RlgM2ZRlt5d,15,mood:happy,0.860592901072027,0.6349326426001397,0.7999857060087743,118.01447044434065,0.5291742043298825,0.01349614662014994,True
Majako Mat Karo Bansa Mood Kharab Hove Mera,Happy Singh,2nEkI4eElyDQyZYRzy52ya,26,mood:happy,0.8563670716875641,0.7860852777007542,0.8659160902426759,111.61715534054528,0.9659612861172866,0.12475563136487683,True
Happy Xmas (Nylon Guitar Version),The Christmas Collective,0I2VKmst3CbRpL4C13wQ3G,37,mood:happy,0.7869923811286121,0.8803262106385863,0.7537911148584114,119.72832199327951,0.9160391995596816,0.16876845686282,True
Mood Naikhe,Khesari Lal Yadav,2LAXuaK7ECZozqpqZ28Wyo,35,mood:happy,0.7143203148793318,0.8624739809226692,0.7969269150950619,119.62653847503292,0.8505833540403773,0.1478836803749741,True
Happy,Yuvan Shankar Raja,07EduHFSshl9TvpRw1vuBw,44,mood:happy,0.7473891923653491,0.6467624758131536,0.8853266061652576,111.8368012623055,0.06637363352895509,0.15170406592459837,True
Mood - Remix,Farizki,1syS1hdteqS5dRZezxN1Yg,44,mood:happy,0.6306150205680459,0.8608166205425842,0.6786669942688742,115.84945649269675,0.04151052315940729,0.056049277851672984,True
Mood Zala Fresh,Chandan Kamble,3bSk3sAnTngMh16zzo696b,40,mood:happy,0.6613178543131538,0.6475455101200963,0.8545653382432218,115.67937336790155,0.39615535261842116,0.26919881262164014,True
Pagal,Happy Raikoti,1Z3oS7ctFgYuYBg0epWhLN,47,mood:happy,0.6476577564217818,0.6052465001724854,0.7318615696293562,127.67487121869588,0.6547945885886064,0.09910087691496901,True
pick up the phone,Henry Moodie,5LOCCIGEVJZ1B8fwu4h9UA,59,mood:happy,0.7655283846102565,0.8539116046223985,0.6705788102799319,117.67117144282838,0.03161114332569415,0.031976107313401045,True
Work Out,J. Cole,2wAJTrFhCnQyNSD3oUgTZO,81,workout,0.5193982057275951,0.8388728874253846,0.541638131753293,129.81370890912436,0.9779372048641322,0.09183046215898952,True
Pre Workout,Jordan Sandhu,0Ov71yacCGsGhHbFXwhKTo,54,workout,0.7471117787644097,0.8770405143326153,0.5804169845910128,138.03711675818795,0.5961587081643483,0.09938209445501862,True
Punjabi Workout Mashup Vol-2,Sidhu Moose Wala,4dffVlSKpQhLqYQ7BFSHFo,25,workout,0.5552875126810514,0.8678027638362588,0.4019696250830793,121.59080821237124,0.7807509307595781,0.10983913847747957,True
Workout With Sumit Parta Mashup,Sumit Parta,2cAtlBu2HOoAJS4Rz1ajov,33,workout,0.5919533564484127,0.8792480749190499,0.5894389554221765,149.37553736256308,0.08224344244239612,0.25746943435273534,True
Workout Plan,Kanye West,2a1JSfTePKhysdIif2bzut,51,workout,0.5959727899738183,0.9814956001488431,0.6142445260818493,148.7936876195365,0.7430362847403518,0.12005090081028147,True
Workout,JSL,0relNMArnXXkJx63Rv4rXZ,15,workout,0.5199166359487687,0.9316682450110803,0.4957450450440208,146.28514155804666,0.9406719236773764,0.046632336282341744,True
Workout Fight,VDJ Mahe,3sne7DLtgemJ1SfhwodgRE,0,workout,0.7061363556132695,0.8089055796491068,0.5525084026794624,134.67466412441684,0.6485941026089727,0.07115112718730345,True
Workout Motivation,Ronnie Coleman,3dVHWp3HuDmuC7U3jFGeFk,43,workout,0.5709851099486964,0.9671603044884276,0.6778723639401548,145.03112638042418,0.7493913063140719,0.1865967816337601,True
The New Workout Plan,Kanye West,1Vp4St7JcXaUoJcIahtf3L,63,workout,0.5729882226476724,0.9363155244854362,0.6270103877010959,132.1335642613775,0.6262659088777183,0.2902512430941237,True
Sultan - Workout Remix,Vishal-Shekhar,6ZJX3FWzXqGruGjqUXPFbg,47,workout,0.7218040841745103,0.8960358938877794,0.6535997549968982,121.71857877093207,0.6469868883563665,0.14543753881869714,True
Ultimate Workout Anthem Non-Stop Mashup,Sachet Tandon,6XzS2jm9kpl74sqhh7nnQ0,19,workout,0.5091906135218681,0.8241516098415206,0.5585389838443173,141.75446503695008,0.22704928327788598,0.2774584848612283,True
Exercising Music,Workout Prodigy,06drJNxO4ykgYr75jvSXx3,10,workout,0.6221972629061326,0.8358177694296998,0.40732784224729296,133.04615872741897,0.887729555649116,0.13552893996807105,True
Jazba - Workout Remix,Salim–Sulaiman,45q2h2m2EW0nH3VYBVbTx2,31,workout,0.6295456309523633,0.9432096873100728,0.43210038348088237,121.65071150152136,0.17395498559479905,0.09038464566596918,True
Workout,prettifun,5NUM7lKXtTWh5yyTkrxhAJ,46,workout,0.6703805353651383,0.8355468900423132,0.4280300808581269,142.8774616849076,0.434356978495149,0.14460702880334228,True
"Beast Mode (From ""Beast"")",Anirudh Ravichander,1aQ58u4guUf999iQX3J2HF,59,workout,0.7491598655970633,0.9315931598831674,0.4463876145557287,126.28581318638744,0.9259782576011129,0.2451106510240253,True
Workout,PRIMU$ PHONK,0tP98JLud8UGyCkUkRriqu,28,workout,0.5647392192227658,0.9864160087341749,0.5097758114574739,146.4462143852195,0.37328860084200466,0.06320564830833451,True
Workout,Marc Brauner,0XBCDZ3hD3N4GoJce8Qzpt,31,workout,0.6524511243677447,0.8435442283893415,0.5926249746770151,139.90568778599388,0.07161620174301753,0.2482555037879091,True
Let It All Work Out,Lil Wayne,3BUWNzPWz2mDbptZmGEXpB,81,workout,0.7328420051485125,0.8300584501404416,0.5304399279338651,148.03805041553335,0.5221869987457491,0.18664098970906132,True
"Vaathi Kabaddi (From ""Master"")",Vidyasagar,7uMf1DQzEMqgJOSQgc5K2Y,56,workout,0.721731870058957,0.9498296880059393,0.6358384012964033,131.59143770842698,0.7038046244748584,0.1397124593178393,True
"Beast Mode (From ""Beast"")",Anirudh Ravichander,3cWSJgtbzA6tjfb5Cm868V,50,workout,0.7674295335668224,0.8558650391237145,0.6236997705722132,137.69437908153603,0.32748665708749747,0.298473989658852,True
"Beast Mode (From ""Beast"")",Anirudh Ravichander,7MFkiQGd2HdY9nmjHA0nvh,42,workout,0.5415230889986323,0.9635959723226802,0.6409491931858031,134.27662128190417,0.04224971574763248,0.25963372793684963,True
"Porkanda Singam (EDM Version) [From ""Vikram""]",Anirudh Ravichander,12LE4Omy9ze8xTOMofMVB3,50,workout,0.6958427894018291,0.845445183683436,0.6506429300831305,135.59840301059717,0.7661018134166444,0.06015841543912036,True
Beast Mode,Anirudh Ravichander,7L4L0LW4US8DrLx2L67I0F,41,workout,0.5410930995085284,0.8895751615223766,0.6223434214049144,145.57308419023582,0.8753189835419145,0.16057288010570245,True
Gym,Harf Cheema,1eKGrFo50StoYKJGOJLEU1,40,workout,0.5575346028319715,0.9898900350372004,0.63272637357077,129.98762710021646,0.3123332426740454,0.2943939642501444,True
"Beast Mode (From ""Beast"")",Anirudh Ravichander,0kmEIbbAujegNwYpR0Was0,53,workout,0.5192175558324656,0.9849961295617453,0.5148667988269781,135.20124049216594,0.06086182009197272,0.2530358565620106,True
Porkanda Singam EDM Version (Additional Song),Anirudh Ravichander,0iJPMG79hgWnDHjufnoplb,49,workout,0.614187352342199,0.974342120438901,0.684290609203873,147.51997626268053,0.9939440833038984,0.2722514659209644,True
Karka Karka,Harris Jayaraj,3upcDCzLEHdBaul7nznzIm,51,workout,0.6591930602107652,0.9792280852465358,0.48865276185183915,135.37389320120784,0.569252440430141,0.288027080666639,True
Zinda,Shankar-Ehsaan-Loy,7vZz8oJ5qAqB9MghufRK5k,66,workout,0.6570387929612984,0.8928999557820678,0.5857619496173639,128.33501718222712,0.7755722602769795,0.07096550526682552,True
Gym De Shokeen,Bhallwaan,2Nns0ymEJbIYVrihppq73O,48,workout,0.5893114810436924,0.9017962773711744,0.5165807014874902,149.38666428899523,0.9127463552286844,0.14807232834719633,True
Kodu Poatta,A.R. Rahman,6hhHkPSpwfkrmQXmBJn7Ii,55,workout,0.6140987607101174,0.8415057821654026,0.6481787066634702,127.53279739689334,0.8833070335877626,0.2080264766125516,True
Workout,Kes,3BlI8WbmqInpjM0z3k4L63,43,workout,0.7009094176082606,0.9526338905726396,0.6406970356557572,122.43241930372135,0.6025130219727284,0.2957836863911998,True
Workout,DJ Craig Gorman,2a68xrYa3kxdyxKQkVuaJQ,35,workout,0.7758056392460437,0.8442149209259007,0.6181910594260241,132.22850814037855,0.4542043156551031,0.026398937012066182,True
Workout,Andy C,5XH2T7g6s9b3tHFrxsWtcP,37,workout,0.5309301102143229,0.8273343797416343,0.5144283182627823,135.40540614961483,0.8062302188953736,0.2771760865894316,True
Workout,Reli Beats,2vEZCfPZ6mKp1mXwljFUPR,32,workout,0.6614944176486101,0.9804494937157838,0.6631208044366259,122.42711659556134,0.06899124013162028,0.20260572582134845,True
Workout,Turbine,4ZKxyyyjyT9vDi8leF4rqT,22,workout,0.5447807248150924,0.8251802851977821,0.6629273598771804,123.40168849502696,0.3432799790447628,0.05327854287656512,True
Workout,Rendez Vous,0b59YDhNMi8tIiSQWvCCe7,32,workout,0.6980596029473349,0.9571560126892358,0.45513367017011064,138.3121230914946,0.45625076518150687,0.23941130125192317,True
Workout,PLAYBOY02,2Bs0FSHogGdX7Yh2eNIqlO,20,workout,0.5566934019254822,0.9982639786435688,0.5934728358237747,139.04610441841507,0.7159633249158095,0.23990331984333624,True
Workout,Giraffage,6XGyBPInFB1M3BsZzTduHe,21,workout,0.6731106570827604,0.91983154353715,0.4396154194445507,134.7076347437536,0.19738207384967565,0.2555290912199398,True
Gym,Siippyy Gill,0cJp93bd2GUrCBKIDtxRGR,53,workout,0.794111462160898,0.9152011992563378,0.4356914262601258,120.97285957538476,0.8689095340998224,0.0996520975908818,True
Marco Theme 1,Ravi Basrur,54LhfSRfXdIqs9Gbp9pWNv,49,workout,0.5724367672113323,0.8867325698553186,0.4212882515486099,124.34830086791823,0.7808081314873214,0.21577779663508453,True
3 Hour Study Focus Music,SPIRIT ENERGY VIBE,7xIPsXmUBhtcv8Txt3X1r2,45,study music,0.5,0.5,0.5,120.0,0.3270004511171357,0.30202923818261695,True
1 Hour Study Lofi Deep Focus Music | Study Music Lofi 1 Hour Late Night,Relofi Blessings,6DPF0NbwzIo1CYuolkpkFP,20,study music,0.5,0.5,0.5,120.0,0.600043972901082,0.8195313123199391,True
"Study Music, Concentration Music for Studying, Focus Music for Productivity",Greenred Productions,1PCrNjQkG1yRuYa3WDudi1,28,study music,0.5,0.5,0.5,120.0,0.8913247228209711,0.6662150349996957,True
40 Hz Study Music,Miracle Tones,2PmCqlhuxdpgUhroL6xDLO,61,study music,0.5,0.5,0.5,120.0,0.9529388498080197,0.8271744393834038,True
1 Hour of Soft Rain to Reduce Stress,Calming Rain,62mFjcWGkt2OY9LT9EvxS2,50,study music,0.5,0.5,0.5,120.0,0.08817732533442124,0.7411771676115997,True
Study Music,Study Music & Sounds,1UIIAv5BBLLYuXbk1DzipG,42,study music,0.5,0.5,0.5,120.0,0.36999248543032137,0.2714095571895798,True
STUDY LOFI,Study Music For Deep Focus,4I9WKAIjoJOzWIUJzRTIDB,31,study music,0.5,0.5,0.5,120.0,0.9875160775187212,0.2804007337728136,True
Exam Study Music 40 Hz Gamma Binaural Beats,Medi Tuner,0fSO7X9DnmPuK9CSwDNElC,32,study music,0.5,0.5,0.5,120.0,0.051077535650628225,0.19162793539556877,True
Deep Focus,Study Music & Sounds,7uyLL06kbAC4DuTctZCA6B,39,study music,0.5,0.5,0.5,120.0,0.09312503523765225,0.015824910927369706,True
Next Toppers,Kunal Negi,75ZX6g2Qg1wOBh2TohuTVp,20,study music,0.5,0.5,0.5,120.0,0.037650845264130095,0.23776414040832283,True
Relaxing Music For Study (3AM Study Time),Dopamind,6a6EVcOcZVNBQUdXFguMMK,35,study music,0.5,0.5,0.5,120.0,0.7454639570820912,0.3456989836266374,True
Studying Alone LoFi,LoFi Study Music,5F0YkZraK7cBkkWFWvLJ3l,12,study music,0.5,0.5,0.5,120.0,0.9530256830571967,0.14207428742999695,True
Binaural Beats For Studying,Binaural Beats Study Music,0cs5hF9tyFE8T9OrqCUvHy,39,study music,0.5,0.5,0.5,120.0,0.5390889547410271,0.6116130974298354,True
3 Hour Alpha and Gamma Study Focus Music,SPIRIT ENERGY VIBE,6B0AoqR7eVUsXIw00TybTU,27,study music,0.5,0.5,0.5,120.0,0.050906906048889256,0.8939641019246259,True
Learn Faster,Study Music Library,1YmlKmrRackyBmBoW3XdJS,35,study music,0.5,0.5,0.5,120.0,0.761566739454988,0.02559273545163121,True
Study Music For Studying,Study Music & Sounds,4oa8EP6hmC5iOs8PZzF4KH,36,study music,0.5,0.5,0.5,120.0,0.6691962318171089,0.15586980316501464,True
Study Music for Studying,Study Music Project,6UAMYWxRqZGp95EtIVuR0K,41,study music,0.5,0.5,0.5,120.0,0.6169381254107175,0.00996182311057281,True
Classical Piano Overture,Study Music Library,17GcjWYtq5yYfzxNJHYNJf,36,study music,0.5,0.5,0.5,120.0,0.3499179929732874,0.33686053340574196,True
Study Music and Sounds,Study Music & Sounds,5dbGRhWp1LbI7fGNNvH2C1,34,study music,0.5,0.5,0.5,120.0,0.8485293181038188,0.04278484581409148,True
Study Music (Concentrate),Alpha Brain Waves,6nVg8x5jWpbqDFOhXqob7b,49,study music,0.5,0.5,0.5,120.0,0.8600016371792912,0.8191798697188227,True
Focus Your Mind,Study Music Library,3pgg9tHf2mWcUdbwDe78Oc,35,study music,0.5,0.5,0.5,120.0,0.20070908844964563,0.7536834781743492,True
STFU,AP Dhillon,1JioaCninhpfY1filFEIZi,76,study music,0.5,0.5,0.5,120.0,0.2795856140347748,0.018744329772038326,True
"Focus, Study Music for Concentration, Deep Focus Music",Greenred Productions,2CATJYdM6FfW4awr0fn7Tz,37,study music,0.5,0.5,0.5,120.0,0.7282114173828352,0.5369623167057374,True
"Ek Zindagi (From ""Angrezi Medium"")",Taniskaa Sanghvi,6shPaz0rzOAGatiY6X6zLQ,64,study music,0.5,0.5,0.5,120.0,0.7099111421957128,0.8908860194064104,True
Study Music with Dark Academia,Study Music Project,2W2q8Nmc7HW8bQ2Snuro6e,37,study music,0.5,0.5,0.5,120.0,0.15757198326202604,0.3026030692025804,True
Accelerated Learning (Increase Focus & Memory),Magnetic Minds Meditations,2RlSZVmFSpUVNDy9fSyFhE,25,study music,0.5,0.5,0.5,120.0,0.1781680461370183,0.42892784550316587,True
2 Hour College Midterm Study Music,SPIRIT ENERGY VIBE,32LkU7cmrfegm5dCN1b5kQ,1,study music,0.5,0.5,0.5,120.0,0.06939747623110548,0.3403007713863687,True
Mozart Effect,Study Music Project,5HOxy6bdXrKJmWkZ4yNSVj,41,study music,0.5,0.5,0.5,120.0,0.9224283005468084,0.1525293926086727,True
Piano Focus,Study Music Library,1vsmKs885FtoEnTHjltUqy,37,study music,0.5,0.5,0.5,120.0,0.4136205907159124,0.09559183403014859,True
Study Music for Focus (Alpha Waves),Study Music & Sounds,7zwWkmiQaVt3AFXUnhBlZk,35,study music,0.5,0.5,0.5,120.0,0.6974697205697306,0.6537360039349476,True
1 Hour Study Music for Better Concentration | 1 Hour Focus Music for Work,Relofi Blessings,1hIr4JAkAhM4BKcxyw3HN6,2,study music,0.5,0.5,0.5,120.0,0.2815961193549754,0.6583511065023728,True
Study Focus Lofi,Lowfly,2KE6t9ecBthclfLsroI7r1,39,study music,0.5,0.5,0.5,120.0,0.34524515297153835,0.09132942444075898,True
Study Lofi Ambiance,Lowfly,1DDC9ph0wFlrdJF1DLG8q8,37,study music,0.5,0.5,0.5,120.0,0.4524471386374467,0.9802052058871699,True
Study Space,Brainy,6m5h70i2No4eOlhbTgW9m0,63,study music,0.5,0.5,0.5,120.0,0.8755535962289911,0.9789538374688657,True
Study Chill Vibes,Lowfly,5dfxJ3XFfvwHZS5zEwz1z2,33,study music,0.5,0.5,0.5,120.0,0.5733229341712911,0.592419403793674,True
Calm Study Beats,Lowfly,74c8dhQ7Blq4v8EaHRDZHM,25,study music,0.5,0.5,0.5,120.0,0.6065732927439998,0.38238149267885113,True
Focus for Study,Study – Deep Focus,6XPkhZZOqKDAHANxAZt4Ns,31,study music,0.5,0.5,0.5,120.0,0.3598887506582614,0.13428335484639953,True
Studying,Brainy,0joUkO4zZJb39mZUK76m4e,43,study music,0.5,0.5,0.5,120.0,0.775869529415756,0.5750129906965424,True
Deep Focus,Brainy,0n4zjE9oArRc5oHAaPYwN7,45,study music,0.5,0.5,0.5,120.0,0.8749864132966471,0.08317710327746453,True
study with me,no lyrics,2DpqCRp1XfKD4KnkdJyUli,35,study music,0.5,0.5,0.5,120.0,0.34758796658668467,0.7716652309388109,True
